Name,Category,Product Url
High pressure washer-1800PSI,Automobile Equipments,http://machineandtoolsbd.com/product/high-pressure-washer-1800psi/
CAR WASH SHAMPOO MACHINE / FOAM MACHINE,Automobile Equipments,http://machineandtoolsbd.com/product/car-wash-shampoo-machine-foam-machine/
High pressure Car/ Bike washer-2000PSI,Automobile Equipments,http://machineandtoolsbd.com/product/high-pressure-car-bike-washer-2000psi/
Gasoline High Pressure Washer Car Wash 2900 PSI,Machinery,http://machineandtoolsbd.com/product/gasoline-high-pressure-washer-car-wash-2900-psi/
Car Polisher Machine -1600W,Power Tools,http://machineandtoolsbd.com/product/car-polisher-machine-1600w/
140 PSI 6L/Min Water High Pressure Diaphragm Self Priming Pump DC 12V,Automobile Equipments,http://machineandtoolsbd.com/product/140-psi-6lmin-water-high-pressure-diaphragm-self-priming-pump-dc-12v/
SMART SENSOR AS813 Digital Lux Light Meter,Machinery,http://machineandtoolsbd.com/product/smart-sensor-as813-digital-lux-light-meter/
Smart Sensor AR813A Digital LCD Screen Light Lux Meter,Boiler Equipments,http://machineandtoolsbd.com/product/smart-sensor-ar813a-digital-lcd-screen-light-lux-meter/
Electric Car High Pressure Washing Cleaner Machine – 120 Bar Pressure,Automobile Equipments,http://machineandtoolsbd.com/product/electric-car-high-pressure-washing-cleaner-machine-120-bar-pressure/
DC Oil Transfer Pump – 40L/Min,Washing Cleaners,http://machineandtoolsbd.com/product/dc-oil-transfer-pump-40lmin/
Foamer Pressure Sprayer 2 L Car/Bike Snow Foam Hand Held Pump Spray,Garden Tools,http://machineandtoolsbd.com/product/foamer-pressure-sprayer-2-l-carbike-snow-foam-hand-held-pump-spray/
High Pressure Car Washer For Service Center,Automobile Equipments,http://machineandtoolsbd.com/product/high-pressure-car-washer-for-service-center/
12V DC Submersible Water Pump,Washing Cleaners,http://machineandtoolsbd.com/product/12v-dc-submersible-water-pump/
DC 12V Car / Bike High Pressure Water Pump,Automobile Equipments,http://machineandtoolsbd.com/product/dc-12v-car-bike-high-pressure-water-pump/
AC/DC high pressure washer with 35L water tank capacity,Automobile Equipments,http://machineandtoolsbd.com/product/acdc-high-pressure-washer-with-35l-water-tank-capacity/
Car Polisher Bonnet 1/4″X 5″,Automobile Equipments,http://machineandtoolsbd.com/product/car-polisher-bonnet-14x-5/
High Pressure Washer / CT42022,Automobile Equipments,http://machineandtoolsbd.com/product/high-pressure-washer-ct42022/
High Pressure Washer / CT42024,Automobile Equipments,http://machineandtoolsbd.com/product/high-pressure-washer-ct42024/
High Pressure Washer / MHPW1403,Automobile Equipments,http://machineandtoolsbd.com/product/high-pressure-washer-mhpw1403/
Electric Pressure Washer with Induction motor for Car /Bike Washing Machine,Automobile Equipments,http://machineandtoolsbd.com/product/electric-pressure-washer-with-induction-motor-for-car-bike-washing-machine/
Wool Buffing Pad Car Detailing Polishing Pad,Automobile Equipments,http://machineandtoolsbd.com/product/wool-buffing-pad-car-detailing-polishing-pad/
Polishing Buffing Pad for Car polisher,Automobile Equipments,http://machineandtoolsbd.com/product/polishing-buffing-pad-for-car-polisher/
Pressure Washer 1900W- FINDER Brand,Washing Cleaners,http://machineandtoolsbd.com/product/pressure-washer-1900w-finder-brand/
Oil Line Filter – 1″,Safety Equipments,http://machineandtoolsbd.com/product/oil-line-filter-1/
industrial vacuum cleaner with 1200W,Washing Cleaners,http://machineandtoolsbd.com/product/industrial-vacuum-cleaner-with-1500w/
Car Polisher / Buffing Machine Vertical Type,Automobile Equipments,http://machineandtoolsbd.com/product/car-polisher-buffing-machine-vertical-type/
High pressure car cleaning machine,Washing Cleaners,http://machineandtoolsbd.com/product/high-pressure-car-cleaning-machine/
High Pressure Car / Bike Washer Machine,Washing Cleaners,http://machineandtoolsbd.com/product/high-pressure-car-bike-washer-machine/
High Pressure Cleaner Car Washer- VIDO,Washing Cleaners,http://machineandtoolsbd.com/product/high-pressure-cleaner-car-washer-vido/
High Pressure Washer / CT42020,Washing Cleaners,http://machineandtoolsbd.com/product/high-pressure-washer-ct42020/
high pressure car washer for service station,Automobile Equipments,http://machineandtoolsbd.com/product/high-pressure-car-washer-for-service-station/
ALL 606 Anti-rust Lubricant (360ml),Washing Cleaners,http://machineandtoolsbd.com/product/all-606-anti-rust-lubricant-360ml/
High Pressure car washer machine,Washing Cleaners,http://machineandtoolsbd.com/product/high-pressure-car-washer-machine/
High Pressure Mini Portable Vacuum Cleaner For Cleaning And Drying set,Washing Cleaners,http://machineandtoolsbd.com/product/high-pressure-mini-portable-vacuum-cleaner-for-cleaning-and-drying-set/
Portable 3 tons 12v electric car jack and Impact wrench set,Machinery,http://machineandtoolsbd.com/product/portable-3-tons-12v-electric-car-jack-and-impact-wrench-set/
CROSS RIM WRENCH- 14″,Hardwere & Tools,http://machineandtoolsbd.com/product/cross-rim-wrench-14/
L.V.L.P Spray Gun L-927,Pneumatic Components,http://machineandtoolsbd.com/product/l-v-l-p-spray-gun-l-927/
H.V.L.P Traditional Spray Gun H-881P,Pneumatic Components,http://machineandtoolsbd.com/product/h-v-l-p-traditional-spray-gun-h-881p/
High quality spray gun – W71G,Washing Cleaners,http://machineandtoolsbd.com/product/high-quality-spray-gun-w71g/
Car Polisher/Waxer KP600-Black and Decker,Washing Cleaners,http://machineandtoolsbd.com/product/car-polisherwaxer-kp600-black-and-decker/
PORTABLE AIR COMPRESSOR SET,Washing Cleaners,http://machineandtoolsbd.com/product/portable-air-compressor-set/
Oil Transfer Hand Pump,Washing Cleaners,http://machineandtoolsbd.com/product/oil-transfer-hand-pump/
Rechargeable Electric Drinking Water Dispenser Pump 5W,Washing Cleaners,http://machineandtoolsbd.com/product/rechargeable-electric-drinking-water-dispenser-pump-5w/
Foamer Pressure Sprayer 2 L Car/Bike Snow Foam Hand Held Pump Spray,Garden Tools,http://machineandtoolsbd.com/product/foamer-pressure-sprayer-2-l-carbike-snow-foam-hand-held-pump-spray/
Water Meter- 1 inch,Safety Equipments,http://machineandtoolsbd.com/product/water-meter-1-inch/
হাই প্রেশার ওয়াটার গান,Washing Cleaners,http://machineandtoolsbd.com/product/%e0%a6%b9%e0%a6%be%e0%a6%87-%e0%a6%aa%e0%a7%8d%e0%a6%b0%e0%a7%87%e0%a6%b6%e0%a6%be%e0%a6%b0-%e0%a6%93%e0%a7%9f%e0%a6%be%e0%a6%9f%e0%a6%be%e0%a6%b0-%e0%a6%97%e0%a6%be%e0%a6%a8/
Mini Gas Powered Portable Mosquito Fogger Machine- Supper 2000 Gold,Washing Cleaners,http://machineandtoolsbd.com/product/mini-fogger-machine-supper-2000-gold/
Pressure Sprayer 16 Liter,Garden Tools,http://machineandtoolsbd.com/product/pressure-sprayer-16-liter/
Pressure Sprayer 2 Liter,Garden Tools,http://machineandtoolsbd.com/product/pressure-sprayer-2-liter/
Garden scissors-18″,Garden Tools,http://machineandtoolsbd.com/product/garden-scissors-18/
magic hose pipe 50Ft/15m,Washing Cleaners,http://machineandtoolsbd.com/product/magic-hose-pipe-50ft15m/
magic hose pipe 100Ft,Washing Cleaners,http://machineandtoolsbd.com/product/magic-hose-pipe-100ft/
Hand Trolly,Safety Equipments,http://machineandtoolsbd.com/product/hand-trolly/
Hand Truck Trolley,Washing Cleaners,http://machineandtoolsbd.com/product/hand-truck-trolley/
Mini Fogger Machine (মশা মারার যন্ত্র)।,Safety Equipments,http://machineandtoolsbd.com/product/mini-fogger-machine-%e0%a6%ae%e0%a6%b6%e0%a6%be-%e0%a6%ae%e0%a6%be%e0%a6%b0%e0%a6%be%e0%a6%b0-%e0%a6%af%e0%a6%a8%e0%a7%8d%e0%a6%a4%e0%a7%8d%e0%a6%b0%e0%a5%a4/
Airless Pilot Spray Gun-INDIA,Textile Machinery,http://machineandtoolsbd.com/product/airless-pilot-spray-gun-india/
Oil Transfer Hand Pump,Washing Cleaners,http://machineandtoolsbd.com/product/oil-transfer-hand-pump/
WINDOW CLEANER WV 1,Washing Cleaners,http://machineandtoolsbd.com/product/window-cleaner-wv-1/
Lawn Mower -USA,Garden Tools,http://machineandtoolsbd.com/product/lawn-mower-usa/
Mini Fogger Machine,Safety Equipments,http://machineandtoolsbd.com/product/mini-fogger-machine/
Hand Push Mower,Garden Tools,http://machineandtoolsbd.com/product/hand-push/
Gasoline High Pressure Washer Car Wash 2900 PSI,Machinery,http://machineandtoolsbd.com/product/gasoline-high-pressure-washer-car-wash-2900-psi/
SMART SENSOR AS813 Digital Lux Light Meter,Machinery,http://machineandtoolsbd.com/product/smart-sensor-as813-digital-lux-light-meter/
DC Oil Transfer Pump – 40L/Min,Washing Cleaners,http://machineandtoolsbd.com/product/dc-oil-transfer-pump-40lmin/
13MM DRILL PRESS MACHINE BOKY,Power Tools,http://machineandtoolsbd.com/product/13mm-drill-press-machine-boky/
Fuel Injection Gear Pump,Machinery,http://machineandtoolsbd.com/product/fuel-injection-gear-pump/
bench grinder machine 8″,Machinery,http://machineandtoolsbd.com/product/bench-grinder-machine-8/
bench grinder machine 6″ – 550W,Machinery,http://machineandtoolsbd.com/product/bench-grinder-machine-6-550w/
bench grinder machine 6″ Small,Machinery,http://machineandtoolsbd.com/product/bench-grinder-machine-6-small/
Cut Off Saw Machine -4HP,Machinery,http://machineandtoolsbd.com/product/cut-off-saw-machine-4hp/
Cut Off Saw Machine -3HP,Machinery,http://machineandtoolsbd.com/product/cut-off-saw-machine-3hp/
bx1-630 ARC welding machine,Machinery,http://machineandtoolsbd.com/product/bx1-630-arc-welding-machine/
bx1-500 ARC welding machine,Machinery,http://machineandtoolsbd.com/product/bx1-500-arc-welding-machine/
Welding Machine MMA-350,Machinery,http://machineandtoolsbd.com/product/welding-machine-mma-315/
Welding Machine MMA-200,Machinery,http://machineandtoolsbd.com/product/welding-machine-mma-200/
Argon Inverter Welding Machine TIG/MMA-250,Machinery,http://machineandtoolsbd.com/product/argon-inverter-welding-machine-tigmma-250/
TIG Welding Machine: Model: TIG/MMA-400,Machinery,http://machineandtoolsbd.com/product/tig-welding-machine-model-tigmma-400/
TIG Welding Machine: Model: TIG/MMA-500,Machinery,http://machineandtoolsbd.com/product/tig-welding-machine-model-tigmma-500/
Tissue Bag Making Machine Package,Machinery,http://machineandtoolsbd.com/product/tissue-bag-making-machine-package/
Ultrasonic D-cut machine,Machinery,http://machineandtoolsbd.com/product/ultrasonic-d-cut-machine/
Ultrasonic heat sealing machine,Machinery,http://machineandtoolsbd.com/product/ultrasonic-heat-sealing-machine/
Ultrasonic handle fixing machine,Machinery,http://machineandtoolsbd.com/product/ultrasonic-handle-fixing-machine/
Vacuum Cleaner Machine- 60L,Washing Cleaners,http://machineandtoolsbd.com/product/vacuum-cleaner-machine-60l/
Vacuum Cleaner Machine,Washing Cleaners,http://machineandtoolsbd.com/product/vacuum-cleaner-machine/
Bench drill machine Model: LT-16J,Machinery,http://machineandtoolsbd.com/product/bench-drill-machine-model-lt-16j/
High Pressure car washer machine,Washing Cleaners,http://machineandtoolsbd.com/product/high-pressure-car-washer-machine/
High Pressure Mini Portable Vacuum Cleaner For Cleaning And Drying set,Washing Cleaners,http://machineandtoolsbd.com/product/high-pressure-mini-portable-vacuum-cleaner-for-cleaning-and-drying-set/
Portable 3 tons 12v electric car jack and Impact wrench set,Machinery,http://machineandtoolsbd.com/product/portable-3-tons-12v-electric-car-jack-and-impact-wrench-set/
Pipe Bending Machine-JAPAN,Machinery,http://machineandtoolsbd.com/product/pipe-bending-machine-japan/
HYUNDAI Screw Air Compressor-30HP,Pneumatic Components,http://machineandtoolsbd.com/product/hyundai-screw-air-compressor-30hp/
Oil-Free Air Compressors- 30L,Washing Cleaners,http://machineandtoolsbd.com/product/oil-free-air-compressors-30l/
PORTABLE AIR COMPRESSOR SET,Washing Cleaners,http://machineandtoolsbd.com/product/portable-air-compressor-set/
KEN CIRCULAR SAW 5637,Power Tools,http://machineandtoolsbd.com/product/ken-circular-saw-5637/
KEN CIRCULAR SAW 5629,Power Tools,http://machineandtoolsbd.com/product/ken-circular-saw-5629/
Cut-off Saw Bosch GCO 200 Professional,Power Tools,http://machineandtoolsbd.com/product/cut-off-saw-bosch-gco-200-professional/
Heat Gun Bosch GHG 500-2 Professional,Power Tools,http://machineandtoolsbd.com/product/heat-gun-bosch-ghg-500-2-professional/
Random Orbit Sander Bosch GEX 150 AC Professional,Power Tools,http://machineandtoolsbd.com/product/random-orbit-sander-bosch-gex-150-ac-professional/
Planer Bosch GHO 26-82 Professional,Power Tools,http://machineandtoolsbd.com/product/planer-bosch-gho-26-82-professional/
Jigsaw Bosch GST 65 BE Professional,Power Tools,http://machineandtoolsbd.com/product/jigsaw-bosch-gst-65-be-professional/
Bosch Circular Saw  GKS 7000 Professional,Power Tools,http://machineandtoolsbd.com/product/bosch-circular-saw-gks-190-professional/
Bosch Double-Wheeled Bench Grinder GBG 35-15Professional,Power Tools,http://machineandtoolsbd.com/product/bosch-double-wheeled-bench-grinder-gbg-8-professional/
Bosch Angle Grinder – GWS 22-180  Professional 7″,Power Tools,http://machineandtoolsbd.com/product/bosch-angle-grinder-gws-2000-professional/
Bosch Power Screwdriver – GSR 6-25 TE Professional,Power Tools,http://machineandtoolsbd.com/product/bosch-power-screwdriver-gsr-6-25-te-professional/
CAR WASHER HIGH PRESSURE K3,Washing Cleaners,http://machineandtoolsbd.com/product/car-washer-high-pressure-k3/
CAR WASHER (HIGH PRESSURE K 7 PREMIUM),Washing Cleaners,http://machineandtoolsbd.com/product/car-washer-high-pressure-k-7-premium/
WINDOW CLEANER WV 1,Washing Cleaners,http://machineandtoolsbd.com/product/window-cleaner-wv-1/
CARPET CLEANER SE 4002,Automobile Equipments,http://machineandtoolsbd.com/product/carpet-cleaner-se-4002/
WINDOW CLEANER WV CLASSIC,Automobile Equipments,http://machineandtoolsbd.com/product/window-cleaner-wv-classic/
DUST SWEEPER S 650,Automobile Equipments,http://machineandtoolsbd.com/product/dust-sweeper-s-650/
FLOOR POLISHER FP 303,Automobile Equipments,http://machineandtoolsbd.com/product/floor-polisher-fp-303/
VACUUM CLEANER (MULTI-PURPOSE WD 3),Automobile Equipments,http://machineandtoolsbd.com/product/vacuum-cleaner-multi-purpose-wd-3/
VACUUM CLEANER HANDHELD VC 5,Automobile Equipments,http://machineandtoolsbd.com/product/vacuum-cleaner-handheld-vc-5/
CAR WASHER HIGH PRESSURE K2,Automobile Equipments,http://machineandtoolsbd.com/product/car-washer-high-pressure-k2/
Car Polisher – Black & Decker,Automobile Equipments,http://machineandtoolsbd.com/product/car-polisher-black-decker/
2 Post car lift,Automobile Equipments,http://machineandtoolsbd.com/product/2-post-car-lift/
Hacksaw Blade Frame,Hardwere & Tools,http://machineandtoolsbd.com/product/hacksaw-blade-frame/
snap off blade knife,Hardwere & Tools,http://machineandtoolsbd.com/product/snap-off-blade-knife/
6pc 100mm File Set INGCO,Hardwere & Tools,http://machineandtoolsbd.com/product/6pc-100mm-file-set-ingco/
Hex Key INGCO,Hardwere & Tools,http://machineandtoolsbd.com/product/hex-key-ingco/
Tester For Electric Test,Safety Equipments,http://machineandtoolsbd.com/product/tester-for-electric-test/
Screwdriver INGCO,Hardwere & Tools,http://machineandtoolsbd.com/product/screwdriver-ingco/
Steel Measuring Tape 5Mx25mm-INGCO,Safety Equipments,http://machineandtoolsbd.com/product/steel-measuring-tape-5mx25mm-ingco/
Mini Spirit Level  INGCO,Hardwere & Tools,http://machineandtoolsbd.com/product/mini-spirit-level-ingco/
0-25mm Micrometer-INGCO,Hardwere & Tools,http://machineandtoolsbd.com/product/0-25mm-micrometer-ingco/
Digital VERNIER CALIPER 6” INGCO,Hardwere & Tools,http://machineandtoolsbd.com/product/digital-vernier-caliper-6-ingco/
VERNIER CALIPER 8” INGCO BRAND,Hardwere & Tools,http://machineandtoolsbd.com/product/vernier-caliper-8-ingco-brand/
VERNIER CALIPER 6” INGCO BRAND,Hardwere & Tools,http://machineandtoolsbd.com/product/vernier-caliper-6-ingco-brand/
combination spanner set 6-24mm INGCO,Hardwere & Tools,http://machineandtoolsbd.com/product/combination-spanner-set-6-24mm-ingco/
combination spanner set 6-32mm INGCO,Hardwere & Tools,http://machineandtoolsbd.com/product/combination-spanner-set-6-32mm-ingco/
Airless Pilot Spray Gun-INDIA,Textile Machinery,http://machineandtoolsbd.com/product/airless-pilot-spray-gun-india/
Electric Blower Machine,Washing Cleaners,http://machineandtoolsbd.com/product/electric-blower-machine/
Offset Ring Spanner Set (6-22)mm INGCO,Hardwere & Tools,http://machineandtoolsbd.com/product/offset-ring-spanner-set-6-22mm-ingco/
Double Open End Spanner Set (6-22)mm INGCO,Hardwere & Tools,http://machineandtoolsbd.com/product/double-open-end-spanner-set-6-22mm-ingco/
Combination Spanner Set (6-19)mm,Hardwere & Tools,http://machineandtoolsbd.com/product/combination-spanner-set-6-19mm/
Oil Transfer Hand Pump,Washing Cleaners,http://machineandtoolsbd.com/product/oil-transfer-hand-pump/
Hammer,Hardwere & Tools,http://machineandtoolsbd.com/product/hammer/
Gas Regulator (Flange Type) Moving Flange 2″,Boiler Equipments,http://machineandtoolsbd.com/product/gas-regulator-flange-type-moving-flange-2/
Gas Regulator (Flange Type) 2″,Boiler Equipments,http://machineandtoolsbd.com/product/gas-regulator-flange-type-2/
"Pressure Gauge, 15 mm, 0-250 PSI",Boiler Equipments,http://machineandtoolsbd.com/product/pressure-gauge-15-mm-0-250-psi/
Landing Valve with Flanges-2.5″,Boiler Equipments,http://machineandtoolsbd.com/product/landing-valve-with-flanges-2-5/
Duyar Ball Valve with Flange 4″,Boiler Equipments,http://machineandtoolsbd.com/product/duyar-ball-valve-with-flange-4/
"Spirex Steam Trap, UK, 3/4″",Boiler Equipments,http://machineandtoolsbd.com/product/spirex-steam-trap-uk-34/
Pressure Reducing Valve-1 Inch,Boiler Equipments,http://machineandtoolsbd.com/product/pressure-reducing-valve-1-inch/
"Y Strainer, SS, 1 Inch",Boiler Equipments,http://machineandtoolsbd.com/product/y-strainer-ss-1-inch/
"Pressure Reducing Valve, Flange To PN 40, 2-10.00 Bar -2”(DN 50)",Boiler Equipments,http://machineandtoolsbd.com/product/pressure-reducing-valve-flange-to-pn-40-2-10-00-bar-2dn-50/
"Spirax-Sarco TD42H Thermodynamic Steam Trap 3/4 Inch , NPT, 600 psi",Boiler Equipments,http://machineandtoolsbd.com/product/spirax-sarco-td42h-thermodynamic-steam-trap-34-inch-npt-600-psi/
Val-Matic Water Air Release Valve-1″,Boiler Equipments,http://machineandtoolsbd.com/product/val-matic-water-air-release-valve-1/
"Amico Water Flow Meter, 2 Inch, Analog",Boiler Equipments,http://machineandtoolsbd.com/product/amico-water-flow-meter-2-inch-analog/
SS Foot Valve with Flange- 3″,Boiler Equipments,http://machineandtoolsbd.com/product/ss-foot-valve-with-flange-3/
"KITZ Ball Valves, 3/4″",Boiler Equipments,http://machineandtoolsbd.com/product/kitz-ball-valves-34/
"Kitz SS Ball Valve Flange Type, 150 UTB, With Flange-DN200",Boiler Equipments,http://machineandtoolsbd.com/product/kitz-ss-ball-valve-flange-type-150-utb-with-flange-dn200/
Kits Brass Ball Valve Screw Type Three Part- DN15,Boiler Equipments,http://machineandtoolsbd.com/product/kits-brass-ball-valve-screw-type-three-part-dn15/
"Kitz SS Ball Valve Screw Type, Three Part- DN15",Boiler Equipments,http://machineandtoolsbd.com/product/kitz-ss-ball-valve-screw-type-three-part-dn15/
Safety Valve for Boiler 1 ½”,Boiler Equipments,http://machineandtoolsbd.com/product/safety-valve-for-boiler-1-%c2%bd/
Smart Sensor AR813A Digital LCD Screen Light Lux Meter,Boiler Equipments,http://machineandtoolsbd.com/product/smart-sensor-ar813a-digital-lcd-screen-light-lux-meter/
SMART SENSOR AS813 Digital Lux Light Meter,Machinery,http://machineandtoolsbd.com/product/smart-sensor-as813-digital-lux-light-meter/
PRESSURE TRANSMITTER 8472. Series,Boiler Equipments,http://machineandtoolsbd.com/product/pressure-transmitter-8472-series/
SIEMENS Universal Burner Controller RWF40.010A97,Boiler Equipments,http://machineandtoolsbd.com/product/siemens-universal-burner-controller-rwf40-010a97/
"SS Flexible Joint (Flange Type, with Linner)",Boiler Equipments,http://machineandtoolsbd.com/product/ss-flexible-joint-flange-type-with-linner/
Steam Trap (Thermodynamic) Thread Type- Changta Brand,Boiler Equipments,http://machineandtoolsbd.com/product/steam-trap-thermodynamic-thread-type-changta-brand/
SS Flexible Joint (Thread Type),Boiler Equipments,http://machineandtoolsbd.com/product/ss-flexible-joint-thread-type/
HISEC REFIEF SAFETY VALVE,Boiler Equipments,http://machineandtoolsbd.com/product/hisec-refief-safety-valve/
Diaphragm Pressure Guage  HISCO CO. KOREA,Boiler Equipments,http://machineandtoolsbd.com/product/diaphragm-pressure-guage-hisco-co-korea/
McDonnell & Miller Low Water Cut-Off/Pump Controller,Boiler Equipments,http://machineandtoolsbd.com/product/mcdonnell-miller-low-water-cut-offpump-controller/
Filter gas MADAS- 2″,Boiler Equipments,http://machineandtoolsbd.com/product/filter-gas-madas-2/
Domestic Gas Regulator -3/4″,Boiler Equipments,http://machineandtoolsbd.com/product/domestic-gas-regulator-34/
LP Gas Regulators- 3/4″,Boiler Equipments,http://machineandtoolsbd.com/product/lp-gas-regulators-34/
Belimo Damper Actuator Lmu24-SR,Boiler Equipments,http://machineandtoolsbd.com/product/belimo-damper-actuator-lmu24-sr/
Fuel Injection Gear Pump,Machinery,http://machineandtoolsbd.com/product/fuel-injection-gear-pump/
HYUNDAI Screw Air Compressor-30HP,Pneumatic Components,http://machineandtoolsbd.com/product/hyundai-screw-air-compressor-30hp/
Pressure gauge WIKA 0-16 Bar,Boiler Equipments,http://machineandtoolsbd.com/product/pressure-gauge-wika-0-16-bar-2/
Pressure gauge WIKA 0-100 Bar,Boiler Equipments,http://machineandtoolsbd.com/product/pressure-gauge-wika-0-16-bar/
S. S Flange -10K,Boiler Equipments,http://machineandtoolsbd.com/product/s-s-flange-10k/
Y Valve -Pneumatically operated 2 way Angle Seat Control Valve 1″,Pneumatic Components,http://machineandtoolsbd.com/product/y-valve-pneumatically-operated-2-way-angle-seat-control-valve-1/
Y Valve -Pneumatically operated 2 way Angle Seat Control Valve 3/4″,Boiler Equipments,http://machineandtoolsbd.com/product/y-valve-pneumatically-operated-2-way-angle-seat-control-valve-34/
Y Valve -Pneumatically operated 2 way Angle Seat Control Valve 1/2″,Boiler Equipments,http://machineandtoolsbd.com/product/y-valve-pneumatically-operated-2-way-angle-seat-control-valve-12/
Air Unit 3Part 1/4″,Pneumatic Components,http://machineandtoolsbd.com/product/air-unit-3part-14/
Air Unit 3Part 1/2″,Pneumatic Components,http://machineandtoolsbd.com/product/air-unit-3part-12/
"Professional Air Filter, Regulator and Lubricator Control Unit (1/2″ NPT)",Pneumatic Components,http://machineandtoolsbd.com/product/professional-air-filter-regulator-and-lubricator-control-unit-12-npt/
"Professional Air Filter, Regulator and Lubricator Control Unit (1/4″ NPT)",Pneumatic Components,http://machineandtoolsbd.com/product/professional-air-filter-regulator-and-lubricator-control-unit-14-npt/
Air Filter Regulator 1/2″,Pneumatic Components,http://machineandtoolsbd.com/product/air-filter-regulator-12/
Air Filter Regulator 1/4″,Pneumatic Components,http://machineandtoolsbd.com/product/588/
Air Regulator With Pressure Gauge 1/2″,Pneumatic Components,http://machineandtoolsbd.com/product/air-regulator-with-pressure-gauge-12/
Air Regulator With Pressure Gauge,Pneumatic Components,http://machineandtoolsbd.com/product/air-regulator-with-pressure-gauge/
pressure Gas regulator MADAS Italy DN 50,Boiler Equipments,http://machineandtoolsbd.com/product/pressure-gas-regulator-madas-italy-dn-50/
pressure Gas regulator MADAS Italy DN 40,Boiler Equipments,http://machineandtoolsbd.com/product/pressure-gas-regulator-madas-italy-dn-40/
pressure Gas regulator MADAS Italy DN 25,Boiler Equipments,http://machineandtoolsbd.com/product/pressure-gas-regulator-madas-italy-dn-25/
pressure Gas regulator MADAS Italy DN 20,Boiler Equipments,http://machineandtoolsbd.com/product/pressure-gas-regulator-madas-italy-dn-20/
pressure Gas regulator MADAS Italy DN 15,Boiler Equipments,http://machineandtoolsbd.com/product/pressure-gas-regulator-madas-italy-dn-15/
Dungs Air & Gas Pressure Switch,Boiler Equipments,http://machineandtoolsbd.com/product/dungs-air-gas-pressure-switch/
Dungs LGWA4,Boiler Equipments,http://machineandtoolsbd.com/product/dungs-lgwa4/
Dungs Pressure Switch GW150 A6,Boiler Equipments,http://machineandtoolsbd.com/product/dungs-pressure-switch-gw150-a6/
Siemens Duct Humidity Sensor- QFM2160,Boiler Equipments,http://machineandtoolsbd.com/product/siemens-duct-humidity-sensor-qfm2160/
UV flame detectors IP54 by Siemens – QRA10,Boiler Equipments,http://machineandtoolsbd.com/product/uv-flame-detectors-ip54-by-siemens-qra10/
HONEYWELL FLAME CONTROL – RM7840L,Boiler Equipments,http://machineandtoolsbd.com/product/honeywell-flame-control-rm7840l/
HONEYWELL FLAME CONTROL – C7027A1049,Boiler Equipments,http://machineandtoolsbd.com/product/honeywell-flame-control-c7027a1049/
Siemens oil burner controller LAE1,Boiler Equipments,http://machineandtoolsbd.com/product/siemens-oil-burner-controller-lae1/
Siemens flame photocell detectors RAR9(1),Boiler Equipments,http://machineandtoolsbd.com/product/siemens-flame-photocell-detectors-rar91/
Gas burner automatic control Satronic- MMI 813.1 Mod .3,Boiler Equipments,http://machineandtoolsbd.com/product/gas-burner-automatic-control-satronic-mmi-813-1-mod-3/
LME21.330C2 Siemens,Boiler Equipments,http://machineandtoolsbd.com/product/lme21-330c2-siemens/
SIEMENS FLAME CONTROL -QRA 2,Boiler Equipments,http://machineandtoolsbd.com/product/siemens-flame-control-qra-2/
Siemens FLAME CONTROL- LFL1.322,Boiler Equipments,http://machineandtoolsbd.com/product/siemens-flame-control-lfl1-322/
Siemens Gas Burner Sequence Controller LFL 1.635,Boiler Equipments,http://machineandtoolsbd.com/product/siemens-gas-burner-sequence-controller-lfl/
Siemens Servo Motor SQN 30.401A 2700,Boiler Equipments,http://machineandtoolsbd.com/product/siemens-servo-motor-sqn-30-401a-2700/
Siemens Sequence Controller LOA24,Boiler Equipments,http://machineandtoolsbd.com/product/siemens-sequence-controller-loa24/
"SMC VQZ312-5LO1-02 valve, body ported (dc)",Boiler Equipments,http://machineandtoolsbd.com/product/smc-vqz312-5lo1-02-valve-body-ported-dc/
Festo MFH G 1/8 5/2 Solenoid/Spring Through Hole Pneumatic Solenoid Valve,Boiler Equipments,http://machineandtoolsbd.com/product/festo-mfh-g-18-52-solenoidspring-through-hole-pneumatic-solenoid-valve/
"FESTO Compact, high-flow and low-cost  Solenoid Valve",Boiler Equipments,http://machineandtoolsbd.com/product/festo-compact-high-flow-and-low-cost-solenoid-valve/
foot switch foot valve Metal Body,Pneumatic Components,http://machineandtoolsbd.com/product/foot-switch-foot-valve-metal-body/
Parker Oil Solenoid Valve,Boiler Equipments,http://machineandtoolsbd.com/product/parker-oil-solenoid-valve/
2/2 way direct acting Electric Solenoid Valve Brass Body,Boiler Equipments,http://machineandtoolsbd.com/product/22-way-direct-acting-electric-solenoid-valve-brass-body/
SNS Solenoid Valve ( 5/3 way),Boiler Equipments,http://machineandtoolsbd.com/product/sns-solenoid-valve-53-way/
AIRTEC Solenoid Valve ( 5/3 way),Boiler Equipments,http://machineandtoolsbd.com/product/airtec-solenoid-valve-53-way/
Stainless Steel Ball Valve-1/2″,Boiler Equipments,http://machineandtoolsbd.com/product/stainless-steel-ball-valve-12/
Gas Torch for Portable Stove,Safety Equipments,http://machineandtoolsbd.com/product/gas-torch-for-portable-stove/
Mini Hand Drill with Accessories,Hardwere & Tools,http://machineandtoolsbd.com/product/mini-hand-drill-with-accessories/
bosny spray paint,Hardwere & Tools,http://machineandtoolsbd.com/product/bosny-spray-paint/
CAMOUFLAGE SPRAY PAINT,Hardwere & Tools,http://machineandtoolsbd.com/product/camouflage-spray-paint/
BOSNY LUB-40,Hardwere & Tools,http://machineandtoolsbd.com/product/bosny-lub-40/
Bosny ইদুর ধরার আঠা (থাইল্যান্ড),Hardwere & Tools,http://machineandtoolsbd.com/product/bosny-%e0%a6%87%e0%a6%a6%e0%a7%81%e0%a6%b0-%e0%a6%a7%e0%a6%b0%e0%a6%be%e0%a6%b0-%e0%a6%86%e0%a6%a0%e0%a6%be-%e0%a6%a5%e0%a6%be%e0%a6%87%e0%a6%b2%e0%a7%8d%e0%a6%af%e0%a6%be%e0%a6%a8%e0%a7%8d%e0%a6%a1/
POLYURETHANE ফার্নিচার স্প্রে বার্নিশ  – BOSNY,Hardwere & Tools,http://machineandtoolsbd.com/product/polyurethane-%e0%a6%ab%e0%a6%be%e0%a6%b0%e0%a7%8d%e0%a6%a8%e0%a6%bf%e0%a6%9a%e0%a6%be%e0%a6%b0-%e0%a6%b8%e0%a7%8d%e0%a6%aa%e0%a7%8d%e0%a6%b0%e0%a7%87-%e0%a6%ac%e0%a6%be%e0%a6%b0%e0%a7%8d%e0%a6%a8/
Rechargeable Electric Drinking Water Dispenser Pump 5W,Washing Cleaners,http://machineandtoolsbd.com/product/rechargeable-electric-drinking-water-dispenser-pump-5w/
Electric Mini Drill / Die Grinder set (170 Pcs),Power Tools,http://machineandtoolsbd.com/product/electric-mini-drill-die-grinder-set-170-pcs/
Ball End Hex Key Set (9pcs) / MHA2002-1,Hardwere & Tools,http://machineandtoolsbd.com/product/ball-end-hex-key-set-9pcs-mha2002-1/
Drill Chuck Key,Hardwere & Tools,http://machineandtoolsbd.com/product/drill-chuck-key/
Hot Melt Glue Gun-80W,Power Tools,http://machineandtoolsbd.com/product/hot-melt-glue-gun-80w/
Combination pliers-7″,Hardwere & Tools,http://machineandtoolsbd.com/product/combination-pliers-7/
BOLT CUTTER 18″,Hardwere & Tools,http://machineandtoolsbd.com/product/bolt-cutter-18/
PIPE WRENCH 8″,Hardwere & Tools,http://machineandtoolsbd.com/product/pipe-wrench-8/
PIPE WRENCH 10″,Hardwere & Tools,http://machineandtoolsbd.com/product/pipe-wrench-10/
Bucket Grease Pump (Grease Dispenser) 10 KG,Textile Machinery,http://machineandtoolsbd.com/product/bucket-grease-pump-grease-dispenser-10-kg/
Bucket Grease Pump (Grease Dispenser) 5 KG,Textile Machinery,http://machineandtoolsbd.com/product/bucket-grease-pump-grease-dispenser-5-kg/
GREASE GUN LEVER TYPE,Pneumatic Components,http://machineandtoolsbd.com/product/grease-gun-lever-type/
Eclipse Junior Hacksaw 150mm (6″) Blade,Hardwere & Tools,http://machineandtoolsbd.com/product/eclipse-junior-hacksaw-150mm-6-blade/
ALL 606 Anti-rust Lubricant (360ml),Washing Cleaners,http://machineandtoolsbd.com/product/all-606-anti-rust-lubricant-360ml/
CLAW HAMMER,Hardwere & Tools,http://machineandtoolsbd.com/product/claw-hammer/
BALL PEIN HAMMER- 32OZ,Hardwere & Tools,http://machineandtoolsbd.com/product/ball-pein-hammer-32oz/
BALL PEIN HAMMER- 16OZ,Hardwere & Tools,http://machineandtoolsbd.com/product/ball-pein-hammer-16oz/
38PCS BITS & SOCKETS SET,Hardwere & Tools,http://machineandtoolsbd.com/product/38pcs-bits-sockets-set/
26PCS BITS SET,Hardwere & Tools,http://machineandtoolsbd.com/product/26pcs-bits-set/
9PCS TORX EXTRA-LONG ARM HEX KEY SET,Hardwere & Tools,http://machineandtoolsbd.com/product/9pcs-torx-extra-long-arm-hex-key-set/
12PCS COMBINATION SPANNERS SET,Hardwere & Tools,http://machineandtoolsbd.com/product/12pcs-combination-spanners-set/
12PCS DOUBLE RING SPANNERS SET,Hardwere & Tools,http://machineandtoolsbd.com/product/12pcs-double-ring-spanners-set/
CROSS RIM WRENCH- 14″,Hardwere & Tools,http://machineandtoolsbd.com/product/cross-rim-wrench-14/
REVERSIBLE RATCHET,Hardwere & Tools,http://machineandtoolsbd.com/product/reversible-ratchet/
46PCS 1/4″ SOCKET SET- TOLSEN,Hardwere & Tools,http://machineandtoolsbd.com/product/46pcs-14%e2%80%b3-socket-set-tolsen/
22PCS 1/2″ SOCKET SET- TOLSEN,Hardwere & Tools,http://machineandtoolsbd.com/product/22pcs-12%e2%80%b3-socket-set-tolsen/
ADJUSTABLE WRENCH,Hardwere & Tools,http://machineandtoolsbd.com/product/adjustable-wrench/
LONG NOSE PLIERS,Hardwere & Tools,http://machineandtoolsbd.com/product/long-nose-pliers/
DIAGONAL CUTTING PLIERS-TOLSEN,Hardwere & Tools,http://machineandtoolsbd.com/product/diagonal-cutting-pliers-tolsen/
Tolsen COMBINATION PLIERS,Hardwere & Tools,http://machineandtoolsbd.com/product/tolsen-combination-pliers/
STRAIGHT PRUNING SHEAR,Hardwere & Tools,http://machineandtoolsbd.com/product/straight-pruning-shear/
Super Glue – 40 G,Hardwere & Tools,http://machineandtoolsbd.com/product/super-glue-40-g/
Hex Key Allen Wrench Set Mini,Hardwere & Tools,http://machineandtoolsbd.com/product/hex-key-allen-wrench-set-mini/
measuring tape- 50Ft,Hardwere & Tools,http://machineandtoolsbd.com/product/measuring-tape-50ft/
Measuring tape-3M,Hardwere & Tools,http://machineandtoolsbd.com/product/measuring-tape-3m/
cordless screwdriver & Drill GSR 14.4-2 Li  bosch,Power Tools,http://machineandtoolsbd.com/product/cordless-screwdriver-drill-gsr-12-2-bosch/
Rotary Drill GBM 13RE-BOSCH,Power Tools,http://machineandtoolsbd.com/product/rotary-drill-gbm-10re-bosch/
Electric Blower Machine,Washing Cleaners,http://machineandtoolsbd.com/product/electric-blower-machine/
CAR WASHER HIGH PRESSURE K3,Washing Cleaners,http://machineandtoolsbd.com/product/car-washer-high-pressure-k3/
CAR WASHER (HIGH PRESSURE K 7 PREMIUM),Washing Cleaners,http://machineandtoolsbd.com/product/car-washer-high-pressure-k-7-premium/
Car Polisher Machine,Machinery,http://machineandtoolsbd.com/product/car-polisher-machine/
Paint Zoom Electric Spray,Machinery,http://machineandtoolsbd.com/product/paint-zoom-electric-spray/
Compressor,Machinery,http://machineandtoolsbd.com/product/compressor/
Generator,Machinery,http://machineandtoolsbd.com/product/generator/
Air Compressor,Machinery,http://machineandtoolsbd.com/product/air-compressor/
Water pump,Machinery,http://machineandtoolsbd.com/product/water-pump/
Air bubble Packing roll – (1.2X110 m),Paper & Printing Equipment,http://machineandtoolsbd.com/product/air-bubble-packing-roll-1-2x110-m/
Rim Cutter -500 Pcs Paper Cutting,Paper & Printing Equipment,http://machineandtoolsbd.com/product/rim-cutter-500-pcs-paper-cutting/
Paper Cutter Machineকাগজ কাটার-A4/A3/B4,Paper & Printing Equipment,http://machineandtoolsbd.com/product/paper-cutter-machine%e0%a6%95%e0%a6%be%e0%a6%97%e0%a6%9c-%e0%a6%95%e0%a6%be%e0%a6%9f%e0%a6%be%e0%a6%b0-a4a3b4/
PVC ID Card Cutter (Heavy 7Kg),Paper & Printing Equipment,http://machineandtoolsbd.com/product/pvc-id-card-cutter-heavy-7kg/
GREASE GUN LEVER TYPE,Pneumatic Components,http://machineandtoolsbd.com/product/grease-gun-lever-type/
HYUNDAI Screw Air Compressor-30HP,Pneumatic Components,http://machineandtoolsbd.com/product/hyundai-screw-air-compressor-30hp/
Y Valve -Pneumatically operated 2 way Angle Seat Control Valve 1″,Pneumatic Components,http://machineandtoolsbd.com/product/y-valve-pneumatically-operated-2-way-angle-seat-control-valve-1/
Air Unit 3Part 1/4″,Pneumatic Components,http://machineandtoolsbd.com/product/air-unit-3part-14/
Air Unit 3Part 1/2″,Pneumatic Components,http://machineandtoolsbd.com/product/air-unit-3part-12/
"Professional Air Filter, Regulator and Lubricator Control Unit (1/2″ NPT)",Pneumatic Components,http://machineandtoolsbd.com/product/professional-air-filter-regulator-and-lubricator-control-unit-12-npt/
"Professional Air Filter, Regulator and Lubricator Control Unit (1/4″ NPT)",Pneumatic Components,http://machineandtoolsbd.com/product/professional-air-filter-regulator-and-lubricator-control-unit-14-npt/
Air Filter Regulator 1/2″,Pneumatic Components,http://machineandtoolsbd.com/product/air-filter-regulator-12/
Air Filter Regulator 1/4″,Pneumatic Components,http://machineandtoolsbd.com/product/588/
Air Regulator With Pressure Gauge 1/2″,Pneumatic Components,http://machineandtoolsbd.com/product/air-regulator-with-pressure-gauge-12/
Air Regulator With Pressure Gauge,Pneumatic Components,http://machineandtoolsbd.com/product/air-regulator-with-pressure-gauge/
foot switch foot valve Metal Body,Pneumatic Components,http://machineandtoolsbd.com/product/foot-switch-foot-valve-metal-body/
50L Oil-Free Air Compressor,Textile Machinery,http://machineandtoolsbd.com/product/50l-oil-free-air-compressor/
Oil-Free Air Compressors- 30L,Washing Cleaners,http://machineandtoolsbd.com/product/oil-free-air-compressors-30l/
Dental oil free air compressor 30L,Pneumatic Components,http://machineandtoolsbd.com/product/dental-oil-free-air-compressor-30l/
L.V.L.P Spray Gun L-927,Pneumatic Components,http://machineandtoolsbd.com/product/l-v-l-p-spray-gun-l-927/
Mini Spray Gun K-3,Pneumatic Components,http://machineandtoolsbd.com/product/mini-spray-gun-k-3/
Tire Inflating Gun TG-7,Pneumatic Components,http://machineandtoolsbd.com/product/tire-inflating-gun-tg-7/
Tire Inflating Gun,Pneumatic Components,http://machineandtoolsbd.com/product/tire-inflating-gun/
Body Washing Gun DO-10K,Pneumatic Components,http://machineandtoolsbd.com/product/body-washing-gun-do-10k/
Pneumatic Thread Type Socket (Y),Pneumatic Components,http://machineandtoolsbd.com/product/pneumatic-thread-type-socket-y/
Pneumatic Pressure Filter Regulator,Pneumatic Components,http://machineandtoolsbd.com/product/pneumatic-pressure-filter-regulator/
pneumatic spring pipe hose with quick couple,Pneumatic Components,http://machineandtoolsbd.com/product/pneumatic-spring-pipe-hose-with-quick-couple/
Body Washing Gun-Silver,Pneumatic Components,http://machineandtoolsbd.com/product/body-washing-gun-silver/
Body Washing Gun,Pneumatic Components,http://machineandtoolsbd.com/product/body-washing-gun/
Pneumatic Push Type Socket (Y),Pneumatic Components,http://machineandtoolsbd.com/product/pneumatic-push-type-socket-y/
Pneumatic Socket,Pneumatic Components,http://machineandtoolsbd.com/product/pneumatic-socket/
Pneumatic Nipple,Pneumatic Components,http://machineandtoolsbd.com/product/pneumatic-nipple/
H.V.L.P Traditional Spray Gun H-881P,Pneumatic Components,http://machineandtoolsbd.com/product/h-v-l-p-traditional-spray-gun-h-881p/
High quality spray gun – W71G,Washing Cleaners,http://machineandtoolsbd.com/product/high-quality-spray-gun-w71g/
Air Die Grinder,Pneumatic Components,http://machineandtoolsbd.com/product/air-die-grinder/
PORTABLE AIR COMPRESSOR SET,Washing Cleaners,http://machineandtoolsbd.com/product/portable-air-compressor-set/
CORDLESS DRILL 8618 18V 10MM- Ronix,Power Tools,http://machineandtoolsbd.com/product/cordless-drill-8618-18v-10mm-ronix/
IMPACT WRENCH- Ronix,Power Tools,http://machineandtoolsbd.com/product/impact-wrench-ronix/
4.8V Electric Cordless Screwdriver & Drill,Power Tools,http://machineandtoolsbd.com/product/4-8v-electric-cordless-screwdriver-drill/
Rechargeable Electric Drinking Water Dispenser Pump 5W,Washing Cleaners,http://machineandtoolsbd.com/product/rechargeable-electric-drinking-water-dispenser-pump-5w/
Air Hot Gun – 1600W,Power Tools,http://machineandtoolsbd.com/product/air-hot-gun-1600w/
Industrial blower – 600W,Power Tools,http://machineandtoolsbd.com/product/industrial-blower-600w/
Jig Saw – 500W,Power Tools,http://machineandtoolsbd.com/product/jig-saw-500w/
Angle Grinder(100/115mm)- DAWER,Power Tools,http://machineandtoolsbd.com/product/angle-grinder100115mm-dawer/
Multi functional Electric Drill Machine,Power Tools,http://machineandtoolsbd.com/product/multi-functional-electric-drill-machine/
Electric Drill-DW216,Power Tools,http://machineandtoolsbd.com/product/electric-drill-dw216/
Orbital Sander-330W,Power Tools,http://machineandtoolsbd.com/product/orbital-sander-330w/
Car Polisher Machine -1600W,Power Tools,http://machineandtoolsbd.com/product/car-polisher-machine-1600w/
Electric Mini Drill / Die Grinder set (170 Pcs),Power Tools,http://machineandtoolsbd.com/product/electric-mini-drill-die-grinder-set-170-pcs/
Electric chain saw / MECS1601,Power Tools,http://machineandtoolsbd.com/product/electric-chain-saw-mecs1601/
Electric Drill / MED4006,Power Tools,http://machineandtoolsbd.com/product/electric-drill-med4006/
Electric Drill / MED3006,Power Tools,http://machineandtoolsbd.com/product/electric-drill-med3006/
Impact Drill / MID7103,Power Tools,http://machineandtoolsbd.com/product/impact-drill-mid7103/
Car Polisher / MPO1203,Power Tools,http://machineandtoolsbd.com/product/car-polisher-mpo1203/
Angle Grinder / MAG8003R,Power Tools,http://machineandtoolsbd.com/product/angle-grinder-mag8003r/
Angle Grinder / MAG7007,Power Tools,http://machineandtoolsbd.com/product/angle-grinder-mag7007/
Hot Air Guns / CT19007,Power Tools,http://machineandtoolsbd.com/product/hot-air-guns-ct19007/
Blower / CT17010,Washing Cleaners,http://machineandtoolsbd.com/product/blower-ct17010/
13MM DRILL PRESS MACHINE BOKY,Power Tools,http://machineandtoolsbd.com/product/13mm-drill-press-machine-boky/
Hot Melt Glue Gun-80W,Power Tools,http://machineandtoolsbd.com/product/hot-melt-glue-gun-80w/
Air Blower,Power Tools,http://machineandtoolsbd.com/product/air-blower/
Angle Grinder 1050W,Power Tools,http://machineandtoolsbd.com/product/angle-grinder-1050w/
Electric Drill 500W,Power Tools,http://machineandtoolsbd.com/product/electric-drill-500w/
CROWN Polisher / CT13302,Power Tools,http://machineandtoolsbd.com/product/crown-polisher-ct13302/
CROWN Random Orbit Sander / CT13327,Power Tools,http://machineandtoolsbd.com/product/crown-random-orbit-sander-ct13327/
CROWN Bench Grinder / CT13332,Power Tools,http://machineandtoolsbd.com/product/crown-bench-grinder-ct13332/
CROWN Angle Grinder / CT13504,Power Tools,http://machineandtoolsbd.com/product/crown-angle-grinder-ct13504/
CROWN Electric Drill/CT10125,Power Tools,http://machineandtoolsbd.com/product/crown-electric-drillct10125/
CROWN Planer / CT14004,Power Tools,http://machineandtoolsbd.com/product/crown-planer-ct14004/
Jig Saw / CT15212,Power Tools,http://machineandtoolsbd.com/product/jig-saw-ct15212/
Micro Electric Hand Drill,Power Tools,http://machineandtoolsbd.com/product/micro-electric-hand-drill/
TOTAL IMPACT DRILL 750W,Power Tools,http://machineandtoolsbd.com/product/total-impact-drill-750w/
TOTAL ROTARY HAMMER SDS-PLUS 1.050W,Power Tools,http://machineandtoolsbd.com/product/total-rotary-hammer-sds-plus-1-050w/
TOTAL HEAT GUN 2000W,Power Tools,http://machineandtoolsbd.com/product/total-heat-gun-2000w/
Drill Machine Set 100 Pcs – KINGSAY,Power Tools,http://machineandtoolsbd.com/product/drill-machine-set-100-pcs-kingsay/
Wood Router (AMR12),Power Tools,http://machineandtoolsbd.com/product/wood-router-amr12/
Angle Grinder（ASM180A),Power Tools,http://machineandtoolsbd.com/product/angle-grinder%ef%bc%88asm180a/
DCA Electric Drill – AJZ03-13B,Power Tools,http://machineandtoolsbd.com/product/dca-electric-drill-ajz03-13b/
DCA Cordless Drill ADJZ09-10A,Power Tools,http://machineandtoolsbd.com/product/dca-cordless-drill-adjz09-10a/
DCA Hammer Drill AZJ02-10A,Power Tools,http://machineandtoolsbd.com/product/dca-hammer-drill-azj02-10a/
DCA Electric Drill Machine,Power Tools,http://machineandtoolsbd.com/product/dca-electric-drill-machine/
DCA ORBITAL SANDER 160W,Power Tools,http://machineandtoolsbd.com/product/dca-orbital-sander-160w/
DCA Demolition Hammer Drill,Power Tools,http://machineandtoolsbd.com/product/dca-demolition-hammer-drill/
DCA Electric Mixer,Power Tools,http://machineandtoolsbd.com/product/dca-electric-mixer/
dca die grinder,Power Tools,http://machineandtoolsbd.com/product/dca-die-grinder/
DCA Blower With Vacuum Machine,Power Tools,http://machineandtoolsbd.com/product/dca-blower-with-vacuum-machine/
DCA HEAT AIR GUN,Power Tools,http://machineandtoolsbd.com/product/dca-heat-air-gun/
DCA MARBLE CUTTER (1240W),Power Tools,http://machineandtoolsbd.com/product/dca-marble-cutter-1240w/
,Power Tools,http://machineandtoolsbd.com/product/493/
DCA Planer Machine,Power Tools,http://machineandtoolsbd.com/product/dca-planer-machine/
DCA Cut-Off Machine – 14″,Power Tools,http://machineandtoolsbd.com/product/dca-cut-off-machine-14/
DCA Circular Saw-71/4″,Power Tools,http://machineandtoolsbd.com/product/dca-circular-saw-714/
DCA Angle Grinder-5″,Power Tools,http://machineandtoolsbd.com/product/dca-angle-grinder-5/
DCA 4˝ Angle Grinder,Power Tools,http://machineandtoolsbd.com/product/dca-4%cb%9d-angle-grinder/
Kingsay Drill Machine 100 pcs Set,Power Tools,http://machineandtoolsbd.com/product/kingsay-drill-machine-100-pcs-set/
Boray Hammer Drill Machine 20mm-22mm- Blue,Power Tools,http://machineandtoolsbd.com/product/boray-hammer-drill-machine-20mm-22mm-blue/
Dongcheng Electric Drill Machine – Blue,Power Tools,http://machineandtoolsbd.com/product/dongcheng-electric-drill-machine-blue/
Dongcheng Electric Blower Machine – Blue,Power Tools,http://machineandtoolsbd.com/product/dongcheng-electric-blower-machine-blue/
Crown Hand Drill Machine (CT10126) – Grey,Power Tools,http://machineandtoolsbd.com/product/crown-hand-drill-machine-ct10066-grey/
Electric drill machine with 23 pcs accessories,Power Tools,http://machineandtoolsbd.com/product/electric-drill-machine-with-23-pcs-accessories/
DRAGON 13mm Electric Drill Machine,Power Tools,http://machineandtoolsbd.com/product/dragon-13mm-electric-drill-hand-drill/
Car Polisher/Waxer KP600-Black and Decker,Washing Cleaners,http://machineandtoolsbd.com/product/car-polisherwaxer-kp600-black-and-decker/
Airless Pilot Spray Gun-INDIA,Textile Machinery,http://machineandtoolsbd.com/product/airless-pilot-spray-gun-india/
KEN CIRCULAR SAW 5637,Power Tools,http://machineandtoolsbd.com/product/ken-circular-saw-5637/
KEN CIRCULAR SAW 5629,Power Tools,http://machineandtoolsbd.com/product/ken-circular-saw-5629/
Cut-off Saw Bosch GCO 200 Professional,Power Tools,http://machineandtoolsbd.com/product/cut-off-saw-bosch-gco-200-professional/
Heat Gun Bosch GHG 500-2 Professional,Power Tools,http://machineandtoolsbd.com/product/heat-gun-bosch-ghg-500-2-professional/
Random Orbit Sander Bosch GEX 150 AC Professional,Power Tools,http://machineandtoolsbd.com/product/random-orbit-sander-bosch-gex-150-ac-professional/
Planer Bosch GHO 26-82 Professional,Power Tools,http://machineandtoolsbd.com/product/planer-bosch-gho-26-82-professional/
Jigsaw Bosch GST 65 BE Professional,Power Tools,http://machineandtoolsbd.com/product/jigsaw-bosch-gst-65-be-professional/
Bosch Circular Saw  GKS 7000 Professional,Power Tools,http://machineandtoolsbd.com/product/bosch-circular-saw-gks-190-professional/
Bosch Double-Wheeled Bench Grinder GBG 35-15Professional,Power Tools,http://machineandtoolsbd.com/product/bosch-double-wheeled-bench-grinder-gbg-8-professional/
Bosch Straight Grinder- GGS 5000L Professional,Power Tools,http://machineandtoolsbd.com/product/bosch-straight-grinder-ggs-27-professional/
Bosch Angle Grinder – GWS 22-180  Professional 7″,Power Tools,http://machineandtoolsbd.com/product/bosch-angle-grinder-gws-2000-professional/
Bosch Power Screwdriver – GSR 6-25 TE Professional,Power Tools,http://machineandtoolsbd.com/product/bosch-power-screwdriver-gsr-6-25-te-professional/
cordless screwdriver & Drill GSR 14.4-2 Li  bosch,Power Tools,http://machineandtoolsbd.com/product/cordless-screwdriver-drill-gsr-12-2-bosch/
Rotary Drill GBM 13RE-BOSCH,Power Tools,http://machineandtoolsbd.com/product/rotary-drill-gbm-10re-bosch/
Electric Blower Machine,Washing Cleaners,http://machineandtoolsbd.com/product/electric-blower-machine/
DERA অ্যাঙ্গেল গ্রাইন্ডার মেশিন,Power Tools,http://machineandtoolsbd.com/product/dera-%e0%a6%85%e0%a7%8d%e0%a6%af%e0%a6%be%e0%a6%99%e0%a7%8d%e0%a6%97%e0%a7%87%e0%a6%b2-%e0%a6%97%e0%a7%8d%e0%a6%b0%e0%a6%be%e0%a6%87%e0%a6%a8%e0%a7%8d%e0%a6%a1%e0%a6%be%e0%a6%b0-%e0%a6%ae%e0%a7%87/
Drill machine,Power Tools,http://machineandtoolsbd.com/product/drill-machine/
Angle Grinder,Power Tools,http://machineandtoolsbd.com/product/angle-grinder/
Gas Torch for Portable Stove,Safety Equipments,http://machineandtoolsbd.com/product/gas-torch-for-portable-stove/
Heavy Duty Best Fogger BF-150,Safety Equipments,http://machineandtoolsbd.com/product/duty-best-fogger-bf-150/
Water Filter Single Stage With Explore-proof Housing Cartridge,Washing Cleaners,http://machineandtoolsbd.com/product/water-filter-single-stage-with-explore-proof-housing-cartridge/
Dual Gas Filter Anti Dust Paint Respirator Mask Goggles,Safety Equipments,http://machineandtoolsbd.com/product/dual-gas-filter-anti-dust-paint-respirator-mask-goggles/
MASK GLASSES FOR WELDING,Safety Equipments,http://machineandtoolsbd.com/product/mask-glasses-for-welding/
Safety Goggles And Dust Mask Set,Safety Equipments,http://machineandtoolsbd.com/product/safety-goggles-and-dust-mask-set/
Filter Cartridges replacement filter,Washing Cleaners,http://machineandtoolsbd.com/product/filter-cartridges-replacement-filter/
Oil Line Filter – 1″,Safety Equipments,http://machineandtoolsbd.com/product/oil-line-filter-1/
Water Meter- 1 inch,Safety Equipments,http://machineandtoolsbd.com/product/water-meter-1-inch/
Safety Jacket – Fluorescent Green,Safety Equipments,http://machineandtoolsbd.com/product/safety-jacket-fluorescent-green/
WD40 – Multi Clean Product,Washing Cleaners,http://machineandtoolsbd.com/product/wd40-multi-clean-product/
Chemical Glove,Safety Equipments,http://machineandtoolsbd.com/product/chemical-glove/
Mini Gas Powered Portable Mosquito Fogger Machine- Supper 2000 Gold,Washing Cleaners,http://machineandtoolsbd.com/product/mini-fogger-machine-supper-2000-gold/
ALL 606 Anti-rust Lubricant (360ml),Washing Cleaners,http://machineandtoolsbd.com/product/all-606-anti-rust-lubricant-360ml/
Unicare Safety Glass  – White,Safety Equipments,http://machineandtoolsbd.com/product/unicare-safety-glass-white/
chemical Gas Filter Musk,Safety Equipments,http://machineandtoolsbd.com/product/chemical-gas-filter-musk/
Safety Jacket,Safety Equipments,http://machineandtoolsbd.com/product/safety-jacket/
Fire Extinguisher,Safety Equipments,http://machineandtoolsbd.com/product/fire-extinguisher/
Sun-Fuel portable Gas,Safety Equipments,http://machineandtoolsbd.com/product/sun-fuel-portable-gas/
Hand Trolly,Safety Equipments,http://machineandtoolsbd.com/product/hand-trolly/
Hand Truck Trolley,Washing Cleaners,http://machineandtoolsbd.com/product/hand-truck-trolley/
Tester For Electric Test,Safety Equipments,http://machineandtoolsbd.com/product/tester-for-electric-test/
Steel Measuring Tape 5Mx25mm-INGCO,Safety Equipments,http://machineandtoolsbd.com/product/steel-measuring-tape-5mx25mm-ingco/
Mini Fogger Machine (মশা মারার যন্ত্র)।,Safety Equipments,http://machineandtoolsbd.com/product/mini-fogger-machine-%e0%a6%ae%e0%a6%b6%e0%a6%be-%e0%a6%ae%e0%a6%be%e0%a6%b0%e0%a6%be%e0%a6%b0-%e0%a6%af%e0%a6%a8%e0%a7%8d%e0%a6%a4%e0%a7%8d%e0%a6%b0%e0%a5%a4/
Hand Gloves For Chemicals Use,Safety Equipments,http://machineandtoolsbd.com/product/hand-gloves-for-chemicals-use/
Dust Mask,Safety Equipments,http://machineandtoolsbd.com/product/dust-mask/
Ear Plug,Safety Equipments,http://machineandtoolsbd.com/product/ear-plug/
Mini Fogger Machine,Safety Equipments,http://machineandtoolsbd.com/product/mini-fogger-machine/
Extinguisher,Safety Equipments,http://machineandtoolsbd.com/product/extinguisher/
Bucket Grease Pump (Grease Dispenser) 10 KG,Textile Machinery,http://machineandtoolsbd.com/product/bucket-grease-pump-grease-dispenser-10-kg/
Bucket Grease Pump (Grease Dispenser) 5 KG,Textile Machinery,http://machineandtoolsbd.com/product/bucket-grease-pump-grease-dispenser-5-kg/
GSM Circular Cutter,Textile Machinery,http://machineandtoolsbd.com/product/gsm-circular-cutter/
ALL 606 Anti-rust Lubricant (360ml),Washing Cleaners,http://machineandtoolsbd.com/product/all-606-anti-rust-lubricant-360ml/
50L Oil-Free Air Compressor,Textile Machinery,http://machineandtoolsbd.com/product/50l-oil-free-air-compressor/
Oil-Free Air Compressors- 30L,Washing Cleaners,http://machineandtoolsbd.com/product/oil-free-air-compressors-30l/
Red Arrow TEXTILE CLEANING SPRAY GUN,Textile Machinery,http://machineandtoolsbd.com/product/red-arrow-textile-cleaning-spray-gun/
Airless Pilot Spray Gun-INDIA,Textile Machinery,http://machineandtoolsbd.com/product/airless-pilot-spray-gun-india/
PORTABLE AIR COMPRESSOR SET,Washing Cleaners,http://machineandtoolsbd.com/product/portable-air-compressor-set/
Swing machine,Textile Machinery,http://machineandtoolsbd.com/product/swing-machine/
Rechargeable Electric Drinking Water Dispenser Pump 5W,Washing Cleaners,http://machineandtoolsbd.com/product/rechargeable-electric-drinking-water-dispenser-pump-5w/
DC Oil Transfer Pump – 40L/Min,Washing Cleaners,http://machineandtoolsbd.com/product/dc-oil-transfer-pump-40lmin/
12V DC Submersible Water Pump,Washing Cleaners,http://machineandtoolsbd.com/product/12v-dc-submersible-water-pump/
Water Filter Single Stage With Explore-proof Housing Cartridge,Washing Cleaners,http://machineandtoolsbd.com/product/water-filter-single-stage-with-explore-proof-housing-cartridge/
Blower / CT17010,Washing Cleaners,http://machineandtoolsbd.com/product/blower-ct17010/
Pressure Washer 1900W- FINDER Brand,Washing Cleaners,http://machineandtoolsbd.com/product/pressure-washer-1900w-finder-brand/
Filter Cartridges replacement filter,Washing Cleaners,http://machineandtoolsbd.com/product/filter-cartridges-replacement-filter/
WD40 – Multi Clean Product,Washing Cleaners,http://machineandtoolsbd.com/product/wd40-multi-clean-product/
Micro Fiber Cleaning Duster,Washing Cleaners,http://machineandtoolsbd.com/product/micro-fiber-cleaning-duster/
হাই প্রেশার ওয়াটার গান,Washing Cleaners,http://machineandtoolsbd.com/product/%e0%a6%b9%e0%a6%be%e0%a6%87-%e0%a6%aa%e0%a7%8d%e0%a6%b0%e0%a7%87%e0%a6%b6%e0%a6%be%e0%a6%b0-%e0%a6%93%e0%a7%9f%e0%a6%be%e0%a6%9f%e0%a6%be%e0%a6%b0-%e0%a6%97%e0%a6%be%e0%a6%a8/
industrial vacuum cleaner with 1200W,Washing Cleaners,http://machineandtoolsbd.com/product/industrial-vacuum-cleaner-with-1500w/
High pressure car cleaning machine,Washing Cleaners,http://machineandtoolsbd.com/product/high-pressure-car-cleaning-machine/
High Pressure Car / Bike Washer Machine,Washing Cleaners,http://machineandtoolsbd.com/product/high-pressure-car-bike-washer-machine/
High Pressure Cleaner Car Washer- VIDO,Washing Cleaners,http://machineandtoolsbd.com/product/high-pressure-cleaner-car-washer-vido/
High Pressure Washer / CT42020,Washing Cleaners,http://machineandtoolsbd.com/product/high-pressure-washer-ct42020/
Mini Gas Powered Portable Mosquito Fogger Machine- Supper 2000 Gold,Washing Cleaners,http://machineandtoolsbd.com/product/mini-fogger-machine-supper-2000-gold/
ALL 606 Anti-rust Lubricant (360ml),Washing Cleaners,http://machineandtoolsbd.com/product/all-606-anti-rust-lubricant-360ml/
Vacuum Cleaner Machine- 60L,Washing Cleaners,http://machineandtoolsbd.com/product/vacuum-cleaner-machine-60l/
Vacuum Cleaner Machine,Washing Cleaners,http://machineandtoolsbd.com/product/vacuum-cleaner-machine/
High Pressure car washer machine,Washing Cleaners,http://machineandtoolsbd.com/product/high-pressure-car-washer-machine/
High Pressure Mini Portable Vacuum Cleaner For Cleaning And Drying set,Washing Cleaners,http://machineandtoolsbd.com/product/high-pressure-mini-portable-vacuum-cleaner-for-cleaning-and-drying-set/
Oil-Free Air Compressors- 30L,Washing Cleaners,http://machineandtoolsbd.com/product/oil-free-air-compressors-30l/
magic hose pipe 50Ft/15m,Washing Cleaners,http://machineandtoolsbd.com/product/magic-hose-pipe-50ft15m/
magic hose pipe 100Ft,Washing Cleaners,http://machineandtoolsbd.com/product/magic-hose-pipe-100ft/
High quality spray gun – W71G,Washing Cleaners,http://machineandtoolsbd.com/product/high-quality-spray-gun-w71g/
Hand Truck Trolley,Washing Cleaners,http://machineandtoolsbd.com/product/hand-truck-trolley/
Car Polisher/Waxer KP600-Black and Decker,Washing Cleaners,http://machineandtoolsbd.com/product/car-polisherwaxer-kp600-black-and-decker/
PORTABLE AIR COMPRESSOR SET,Washing Cleaners,http://machineandtoolsbd.com/product/portable-air-compressor-set/
Electric Blower Machine,Washing Cleaners,http://machineandtoolsbd.com/product/electric-blower-machine/
Oil Transfer Hand Pump,Washing Cleaners,http://machineandtoolsbd.com/product/oil-transfer-hand-pump/
CAR WASHER HIGH PRESSURE K3,Washing Cleaners,http://machineandtoolsbd.com/product/car-washer-high-pressure-k3/
CAR WASHER (HIGH PRESSURE K 7 PREMIUM),Washing Cleaners,http://machineandtoolsbd.com/product/car-washer-high-pressure-k-7-premium/
WINDOW CLEANER WV 1,Washing Cleaners,http://machineandtoolsbd.com/product/window-cleaner-wv-1/
Mini Digital Portable LCD Electronic Weighing Scale-0.01-200G,Weight Scale,http://machineandtoolsbd.com/product/mini-digital-portable-lcd-electronic-weighing-scale-0-01-200g/
Electronic Digital Scales – 40kg,Weight Scale,http://machineandtoolsbd.com/product/electronic-digital-scales-40kg/
Kitchen Digital Scale – 5KG,Weight Scale,http://machineandtoolsbd.com/product/kitchen-digital-scale-5kg/
Jewellery digital scale-600 Gram,Weight Scale,http://machineandtoolsbd.com/product/jewellery-digital-scale-600-gram/
Mega Digital Weight Scales 40 KG,Weight Scale,http://machineandtoolsbd.com/product/mega-digital-weight-scales-40-kg/
Kitchen Analog Scale – 20KG,Weight Scale,http://machineandtoolsbd.com/product/kitchen-analog-scale-20kg/
